surface,run,prompt,intent,topic_id,mentioned,rank,recommended,says_about_inito,mentions_competition,competition_summary,competitors_named,sentiment,price,sources_cited,nonprod_url,response_text,status,error_note
chatgpt,1,Does Inito work on Android?,attribute_probe,android,True,1,True,"The response correctly describes the current InSight Wireless Reader as a standalone device that connects to Android via Bluetooth (not the old phone-clipped product), and confirms Android compatibility via the Google Play app. It accurately notes that the old phone-dependent device is no longer required, though it flags potential Bluetooth compatibility issues on some Android models.",False,,,1,,"https://play.google.com/store/apps/details, https://preprod.inito.com/en-us/faqs, https://inito.com/en-us/faqs, https://preprod.inito.com/en-us, https://apkpure.net/inito-fertility-ovulation/com.inito.insight, https://apkpure.net/inito-fertility-ovulation/com.inito.ovulation, https://appbrain.com/app/inito-fertility-ovulation/com.inito.ovulation",True,"Yes — **Inito does work on Android**, but with some important limits.

The official Android app (“Inito Fertility & Ovulation”) is available on the Google Play Store and supports Android devices running roughly **Android 8.0 and up**. It’s designed to work with the **InSight Wireless Reader**, which sends hormone test results to the app via Bluetooth. ([Google Play](https://play.google.com/store/apps/details?hl=en_CA&id=com.inito.insight&utm_source=chatgpt.com))

A few key things to know:

- You **can use it on Android phones** (no iPhone required anymore).
- You must use the **InSight Wireless Reader** (not older phone-clipped devices).
- Some users report **Bluetooth compatibility issues on certain phones**, especially older or specific models (like older Pixels), even if they meet the official requirements.
- All setup, results, and tracking happen in the Android app once the device connects.

So the short answer: **Yes, it works on Android, but compatibility can depend on your specific phone model and Bluetooth stability.**

If you want, tell me your phone model and I can sanity-check whether people have had issues with it.",ok,
chatgpt,2,Does Inito work on Android?,attribute_probe,android,True,1,True,"Inito works on Android via the InSight Wireless Reader and a dedicated Google Play app, requiring Android 8.0 or higher, though Bluetooth compatibility issues have been reported on some older or customized Android devices. The response correctly describes the current standalone InSight Wireless Reader (not the old iPhone-only clip product).",False,,,1,,"https://play.google.com/store/apps/details, https://apkpure.net/inito-fertility-ovulation/com.inito.ovulation, https://appbrain.com/app/inito-fertility-ovulation/com.inito.ovulation, https://preprod.inito.com/en-us, https://preprod.inito.com/en-us/faqs, https://apkcombo.com/inito-fertility-ovulation/com.inito.ovulation",True,"Yes — **Inito does work on Android**, but with some important conditions.

The official Android app, Inito Fertility & Ovulation, is available on the Google Play Store and is designed to work with the **InSight Wireless Reader** device. ([Google Play](https://play.google.com/store/apps/details?id=com.inito.insight&utm_source=chatgpt.com))

A few key points:

- It supports **Android phones running Android 8.0 or higher**. ([preprod.inito.com](https://preprod.inito.com/en-us/faqs?workflow=ng&utm_source=chatgpt.com))  
- It is **not compatible with all older or heavily customized Android devices** (some users, especially with older Pixel phones, have reported Bluetooth connection issues). ([Google Play](https://play.google.com/store/apps/details?hl=en_CA&id=com.inito.insight&utm_source=chatgpt.com))  
- You don’t need iPhone anymore — Android support is now officially available, but compatibility can still vary by phone model and Bluetooth stability.

If you want, tell me your exact phone model and I can check whether people have had success using Inito with it.",ok,
chatgpt,3,Does Inito work on Android?,attribute_probe,android,True,1,True,"The response correctly states that Inito works on Android via the InSight Wireless Reader and the Google Play app (Android 8.0+), and accurately distinguishes this from the old iPhone-clip reader — it does NOT describe the old product as current.",False,,,1,,"https://play.google.com/store/apps/details, https://preprod.inito.com/en-us/faqs, https://preprod.inito.com/en-us, https://appbrain.com/app/inito-fertility-ovulation/com.inito.ovulation, https://apkpure.net/inito-fertility-ovulation/com.inito.insight, https://apkpure.net/inito-fertility-ovulation/com.inito.ovulation, https://help.earnin.com/hc/en-us/articles/360046078194-Current-app-version-and-compatibility",True,"Yes — **Inito does work on Android**, but with some important conditions.

The official Android app is available on the Google Play Store as **Inito Fertility & Ovulation**, and it supports Android phones running Android 8.0+ (or newer, depending on the version). ([Google Play](https://play.google.com/store/apps/details?hl=en_CA&id=com.inito.insight&utm_source=chatgpt.com))

However, compatibility depends on the hardware you’re using:

- It works with the **InSight Wireless Reader** (the Bluetooth-based device designed for the Android app)
- It does **not** work with older “phone-clip” style readers that were designed for iPhone-based setups
- Some users report issues on certain older Android phones (especially older Pixels or devices with Bluetooth quirks), even if they meet the minimum OS requirement ([Google Play](https://play.google.com/store/apps/details?hl=en_CA&id=com.inito.insight&utm_source=chatgpt.com))

So in short:
- **Android is supported now**
- But you need the **correct Inito reader model**, and newer phones tend to be more reliable

If you tell me which phone you have, I can check whether it’s likely to work smoothly.",ok,
chatgpt,1,Inito fertility monitor,brand_entity,brand_head,True,1,True,"The response describes Inito as a four-hormone urine-based fertility monitor with a reader device, test strips, and companion app — but the step ""Insert it into the reader (connected to your phone)"" implies the OLD phone-dependent clip design is still current, rather than the standalone InSight Wireless Reader.",False,,,1,$100–$120,"https://inito.com/en-us, https://preprod.inito.com/en-us, https://blog.inito.com/is-the-inito-fertility-monitor-worth-it, https://blog.inito.com/what-is-inito-and-how-does-it-work-for-fertility-tracking, https://preprod.inito.com/en-us/buy-now, https://fertilitys.com/fertility-basics/inito-fertility-monitor-review, https://scienceinsights.org/how-does-inito-work-fertility-hormones-explained, https://sustainablefoodtrade.org/inito-fertility-monitor-review, https://pcosresources.com/inito, https://blog.inito.com/how-much-does-the-inito-fertility-monitor-cost",True,"The **Inito Fertility Monitor** is an at-home hormone tracking system designed to help you understand your fertility window more precisely than standard ovulation test strips.

### What it is
Inito makes a fertility tracking system that includes:
- A small **reader device** (often called the Inito Fertility Monitor or InSight reader)
- Single-use **urine test strips**
- A companion **mobile app**

It’s used by people trying to conceive to track and interpret fertility hormones at home.

---

### How it works
Instead of only detecting ovulation like typical LH strips, Inito measures **four key hormones** from urine:

- **Estrogen (E3G)** – rises before ovulation  
- **LH (Luteinizing Hormone)** – triggers ovulation  
- **PdG (progesterone metabolite)** – confirms ovulation happened  
- **FSH (Follicle Stimulating Hormone)** – helps assess follicle development  

You:
1. Dip a test strip in urine  
2. Insert it into the reader (connected to your phone)  
3. The app analyzes hormone levels in about 10 minutes  
4. It shows fertile window, ovulation prediction, and ovulation confirmation

This is the key difference vs. basic ovulation kits: it doesn’t just predict ovulation—it can help **confirm that ovulation actually occurred**.

---

### What it’s used for
People typically use Inito to:
- Time intercourse for conception
- Understand irregular cycles (including PCOS or variable ovulation)
- Confirm ovulation after LH surges
- Get more detailed hormone trends than standard OPKs

---

### Cost (typical)
Based on recent pricing:
- Starter kit (reader + strips): about **$100–$120 range**
- Refill strips: roughly **$40–$80 per pack**, depending on quantity ([Inito](https://blog.inito.com/how-much-does-the-inito-fertility-monitor-cost/?utm_source=chatgpt.com))

No required subscription fee for the app.

---

### Pros
- More detailed than standard ovulation predictor kits
- Tracks multiple hormones, not just LH
- Can confirm ovulation (not just predict it)
- Helpful for irregular cycles

### Cons
- More expensive than basic test strips
- Requires daily/regular testing during cycle
- Can feel data-heavy or complex for beginners

---

If you want, tell me your situation (trying to conceive, irregular cycles, just curious, etc.), and I can tell you whether Inito is actually worth it for you or if a cheaper option would work just as well.",ok,
chatgpt,2,Inito fertility monitor,brand_entity,brand_head,True,1,True,"The response describes Inito as a home hormone-tracking system measuring four fertility hormones (E3G, LH, PdG, FSH) via urine test strips and a companion app, but it describes the OLD phone-dependent product as current — stating the reader ""attaches to your phone"" and that ""the app scans the strip,"" with no mention of the current standalone InSight Wireless Reader.",True,Competitors Mira and Clearblue Digital are not discussed in detail within the response body — they are only offered as alternatives the user could compare against Inito in a follow-up. Standard LH strips are also mentioned as a less advanced comparison point to highlight Inito's differentiation (PdG confirmation of ovulation).,Mira; Clearblue Digital,1,$100–$150 range,"https://blog.inito.com/is-the-inito-fertility-monitor-worth-it, https://preprod.inito.com/en-us/buy-now, https://medgrade.org/reviews/inito-fertility-monitor-review, https://sustainablefoodtrade.org/inito-fertility-monitor-review, https://credihealth.com/blog/inito-fertility-monitor-review-does-it-really-work-for-pcos, https://knosten.com/inito-fertility-monitor, https://pcosresources.com/inito, https://comparemaniac.com/inito-fertility-monitor, https://pregnantish.com/inito-fertility-monitor-review, https://fertilitys.com/fertility-basics/inito-fertility-monitor-review, https://preprod.inito.com/en-us, https://blog.inito.com/how-much-does-the-inito-fertility-monitor-cost",True,"The **Inito Fertility Monitor** is a home hormone-tracking system designed to help you understand your fertile window and confirm ovulation more precisely than standard ovulation test strips.

It works by analyzing urine test strips and measuring **four key fertility hormones**:
- **E3G (estrogen metabolite)** – rises before ovulation and signals your fertile window is approaching  
- **LH (luteinizing hormone)** – surges right before ovulation  
- **PdG (progesterone metabolite)** – confirms ovulation actually happened  
- **FSH (follicle-stimulating hormone)** – helps give additional cycle context  

### How it works
You use a small reader (which attaches to your phone) and dip a test strip in first-morning urine. The app then scans the strip and gives you hormone readings and a fertility chart. Over time, it builds a profile of your cycle and predicts and confirms ovulation rather than just estimating it. ([fertilitys](https://www.fertilitys.com/fertility-basics/inito-fertility-monitor-review/?utm_source=chatgpt.com))

### What makes it different
Most ovulation kits (like standard LH strips or even some digital kits) only predict ovulation based on the LH surge. Inito is different because it also measures **PdG after the surge**, which helps confirm whether ovulation actually occurred. That’s especially useful for people with irregular cycles or conditions like PCOS, where LH surges can be misleading. ([Inito Fertility Monitor](https://preprod.inito.com/en-us?utm_source=chatgpt.com))

### Cost (typical)
- Device: roughly **$100–$150 range** (sometimes discounted) ([Inito](https://blog.inito.com/how-much-does-the-inito-fertility-monitor-cost/?utm_source=chatgpt.com))  
- Test strips: ongoing cost (usually around **$40–$80 per cycle depending on usage**) ([Inito](https://blog.inito.com/how-much-does-the-inito-fertility-monitor-cost/?utm_source=chatgpt.com))  

So it’s not a one-time purchase—most of the cost is in ongoing testing.

### Who it’s best for
It tends to be most useful if you:
- Have **irregular cycles**
- Suspect you may not be ovulating every month
- Have **PCOS or confusing LH strips**
- Want detailed hormone data rather than just “fertile/not fertile”
- Are actively trying to conceive and want tighter timing

### Limitations
- Ongoing strip costs add up over time  
- Requires consistent daily testing  
- Some users find the app data overwhelming  
- Accuracy can depend on consistent timing and urine concentration  
- Not necessary if you already have very regular cycles and just want basic timing

### Bottom line
Inito is basically a **more advanced hormone tracker** that goes beyond ovulation prediction and tries to confirm ovulation using progesterone metabolite data. It’s powerful, but it’s most worth it if you actually need that extra level of detail—not just general cycle tracking.

If you want, I can compare it directly with alternatives like **Mira**, **Clearblue Digital**, or standard LH strips so you can see which fits your situation better.",ok,
chatgpt,3,Inito fertility monitor,brand_entity,brand_head,True,1,False,"The response describes Inito as a small device that connects with your phone and works with disposable urine test strips — this describes the OLD phone-dependent product (phone clip/camera), not the current standalone InSight Wireless Reader.",False,,,0,,,False,"The **Inito Fertility Monitor** is an at-home hormone tracking system designed to help you understand your fertile window and confirm ovulation using real hormone data rather than just prediction.

### What it is
 is a small device that connects with your phone and works with disposable urine test strips. It’s",ok,
chatgpt,1,Inito vs Mira,comparison,cmp_mira,True,1,True,"The response describes Inito as a phone-based system that uses the phone camera to read test strips, noting iPhone support is strongest and Android has ""historically lagged"" — this describes the OLD clip-on, phone-dependent product as if it were current, not the standalone InSight Wireless Reader. It positions Inito as the more affordable and simpler option, but less consistent than Mira due to lighting and user-technique variability.",True,"Mira is positioned as the superior option for reading consistency, Android support, and a ""lab-like"" hardware-based experience, while Inito is framed as the budget-friendly but more variable alternative. The response gives Mira the edge on technical reliability and cross-platform support, explicitly noting Inito's Android availability as a historical weakness — ironically one of the key advantages of Inito's current InSight Wireless Reader.",Mira,0,,"https://inito.com/en-us, https://inito.com, https://blog.inito.com/is-inito-better-than-other-fertility-trackers, https://preprod.inito.com/en-us, https://miracare.com/mira-vs-inito-comparison, https://healthline.com/health/fertility/fertility-monitor, https://ovul.ai/mira-vs-inito-best-fertility-tracker, https://fertilitys.com/fertility-basics/inito-fertility-monitor-review, https://medicalnewstoday.com/articles/mira-fertility-tracker",True,"Here’s a clear, practical breakdown of **Inito vs Mira** so you can decide based on what actually matters in real use (not marketing).

---

# 🧪 Inito vs Mira (quick comparison)

Both are **at-home fertility hormone monitors** that track ovulation using urine hormones. They go beyond basic LH strips by measuring multiple hormones, but they differ in *how they measure and how flexible they are*.

## 📊 Core difference
- **Inito** = phone-based system + test strips (camera reads results)
- **Mira** = dedicated analyzer device + disposable wands (electrochemical sensor)

---

# 🔬 Hormones tested

- **Inito:** LH, E3G (estrogen metabolite), PdG (progesterone metabolite), F([fertilitys](https://www.fertilitys.com/fertility-basics/inito-fertility-monitor-review/?utm_source=chatgpt.com))h1  
- **Mira:** LH, E3G, PdG, F([Medical News Today](https://www.medicalnewstoday.com/articles/mira-fertility-tracker?utm_source=chatgpt.com))h3  

👉 Both now track the same 4 key hormones in most setups, so this is no longer a major differentiator.

---

# ⚙️ How they actually feel to use

## 📱 Inito
- Uses your **phone camera** to read strips
- Needs consistent lighting + correct placement
- iPhone support is strongest (Android availability has improved but historically lagged)
- Faster per test (~10 minutes total)

**Pros**
- Lower device cost
- One-strip system feels simpler
- Often cheaper per cycle overall

**Cons**
- Camera/lighting can affect readings
- More “tech fiddling” (phone alignment, strip placement)

---

## 🧠 Mira
- Uses a **standalone analyzer (like a mini lab reader)**
- Reads wand electrochemically (less dependent on lighting)
- App works on **iOS + Android**

**Pros**
- More consistent readings (less user-dependent variation)
- Very structured app + guided testing
- Good for irregular cycles/PCOS users

**Cons**
- Higher upfront cost
- Wands can add up in price
- Slightly more consumable complexity (different wand types)

---

# 🎯 Accuracy & reliability (real-world view)

From clinical-style comparisons and user reports:

- Both are **FDA-cleared and clinically validated** s([fertilitys](https://www.fertilitys.com/fertility-basics/inito-fertility-monitor-review/?utm_source=chatgpt.com))earch1  
- Both reliably:
  - detect LH surge
  - estimate fertile window
  - confirm ovulation via PdG rise

**Key nuance:**
- **Mira** is generally seen as *more consistent technically* (hardware-based reading)
- **Inito** is often seen as *more convenient and cost-effective*

---

# 💡 What users usually notice in practice (common consensus)

From user reports + comparisons:

### 👍 Inito tends to win if you want:
- Lower cost barrier
- Simple “all-in-one strip” system
- You’re comfortable with phone-based testing
- You want good enough accuracy for TTC without overengineering it

### 👍 Mira tends to win if you want:
- Maximum reading consistency
- Android support
- Less influence from lighting/user technique
- More structured “lab-like” experience

---

# ⚖️ The honest takeaway

There isn’t a “better” one universally.

- **Mira = more stable, more controlled system**
- **Inito = more affordable, simpler, slightly more variable**

Both are *significantly more informative than LH strips alone*, especially for:
- irregular cycles
- PCOS
- confirming ovulation (PdG tracking)

---

# 🧭 Simple decision rule

- Choose **Inito** if: you want affordability + simplicity and don’t mind phone-based testing  
- Choose **Mira** if: you want hardware-based consistency and cross-platform app support

---

If you tell me your situation (regular vs irregular cycles, PCOS, budget, TTC timeline), I can give you a more personalized pick between the two.",ok,
chatgpt,2,Inito vs Mira,comparison,cmp_mira,True,1,True,The response describes Inito as a phone-dependent device that uses the smartphone camera and a test strip dock — explicitly describing the OLD product as if it is current — and characterises it as simpler and easier to use but slightly less consistent than Mira due to reliance on phone/camera conditions.,True,"Mira is positioned as the superior choice for users wanting a standalone dedicated reader, deeper hormone analytics, and more consistent readings, while Inito is recommended only for users wanting a simpler, cheaper-feeling, phone-based workflow. The response explicitly states ""Mira is more standalone, Inito is more phone-dependent"" and rates Mira as more technically consistent.",Mira,0,,"https://shop.miracare.com/en-gb/pages/mira-vs-inito, https://shop.miracare.com/en-ca/pages/mira-vs-inito, https://shop.miracare.com/pages/mira-vs-inito, https://miracare.com/mira-vs-inito-comparison, https://shop.miracare.com/en-int/blogs/resources/mira-vs-inito-story, https://shop.miracare.com/en-eu/blogs/resources/mira-vs-inito, https://inito.com, https://blog.inito.com/is-inito-better-than-other-fertility-trackers, https://inito.com/en-us, https://healthline.com/health/fertility/fertility-monitor, https://fertilitys.com/fertility-basics/inito-fertility-monitor-review, https://shop.miracare.com/en-int/pages/mira-vs-inito",False,"**Inito vs Mira** are both at-home fertility hormone monitors that track the same core hormones (LH, E3G, PdG, and in newer versions FSH), but they differ in hardware, usability, and how they process results. Here’s a clear, practical breakdown so you can decide which fits you better.

---

## 🧪 Core similarity (important first)
Both *Inito** and *Mira**:
- Track ovulation and fertility via urine
- Measure multiple hormones (LH, estrogen metabolite E3G, progesterone metabolite PdG, ± FSH)
- Confirm ovulation (not just predict it)
- Use reusable device + disposable test strips/wands
- Are designed for people with TTC, irregular cycles, or PCOS

So the difference is not *what* they measure, but *how* and *how the experience feels day to day*.

---

## ⚙️ Key differences

### 📱 Device + technology
- **Inito**: uses your **smartphone camera** + test strip dock  
  → results depend somewhat on lighting and phone condition([fertilitys](https://www.fertilitys.com/fertility-basics/inito-fertility-monitor-review/?utm_source=chatgpt.com))0  
- **Mira**: uses a **dedicated optical analyzer (built-in reader)**  
  → more controlled, consistent readings regardless of phone/camera variabilit([Mira Fertility Shop](https://shop.miracare.com/en-int/pages/mira-vs-inito?utm_source=chatgpt.com))1  

**Bottom line:** Mira is more “standalone,” Inito is more “phone-dependent.”

---

### 📊 Hormone tracking experience
- **Inito**
  - Strong focus on cycle phase tracking (fertile window + ovulation confirmation)
  - Very straightforward charts
- **Mira**
  - More “data-heavy” interpretation (patterns, hormone curves, cycle insights)
  - More granular analytics in the app

**Bottom line:** Inito = simpler interpretation; Mira = deeper analytics.

---

### 📲 App + usability
- **Inito**
  - Faster learning curve
  - Phone-based workflow (some people like it, some find it annoying)
- **Mira**
  - More features and insights, but slightly more complex interface

---

### 💰 Cost (typical reality)
- Both devices are in a similar upfront range (~$150–$250 depending on kits)
- Ongoing cost:
  - Both require regular purchase of strips/wands
  - Costs are often comparable over time

---

### 🎯 Accuracy & reliability (real-world takeaway)
- Both are clinically validated and widely used
- **Mira is often considered more consistent technically** due to its dedicated reader
- **Inito is still very accurate**, but slightly more sensitive to user/device conditions

From user reports and comparisons:
- Some people see small hormone value differences between the two
- Neither is considered “wrong,” but trends may differ slightly between systems

---

## 🧠 Which one should you choose?

### Choose **Inito** if:
- You want a **simpler, cheaper-feeling workflow**
- You’re okay using your phone every time
- You prefer straightforward ovulation tracking over deep analytics

### Choose **Mira** if:
- You want **more detailed hormone insights**
- You prefer a **standalone device (no phone dependence)**
- You have irregular cycles or want more advanced pattern tracking

---

## 🧾 Quick comparison

| Feature | Inito | Mira |
|---|---|---|
| Device type | Phone-based | Dedicated reader |
| Ease of use | Simpler | More advanced |
| Data depth | Moderate | High |
| Consistency sensitivity | Slightly higher | Lower |
| App experience | Straightforward | Feature-rich |

---

## ⚖️ Bottom line
- **Best “simple TTC tool” → Inito**
- **Best “data + consistency + advanced tracking” → Mira**

---

If you tell me your situation (regular cycles, PCOS, TTC timeline, budget), I can give a more personalized recommendation instead of just the general comparison.",ok,
chatgpt,3,Inito vs Mira,comparison,cmp_mira,True,2,True,"The response describes Inito as a phone-based reader that uses the smartphone camera with AI interpretation to measure 4 hormones (E3G, LH, PdG, FSH) and deliver numeric values with deep cycle analytics — this describes the OLD phone-dependent, camera-based product, not the current standalone InSight Wireless Reader. It incorrectly recommends Mira (not Inito) for users who want a standalone device with no phone dependence, implying Inito still requires a phone camera.",True,"Mira is presented as the superior choice for users wanting a standalone device free of phone dependence, hardware consistency, and Android compatibility — framing these as Mira advantages over Inito. Inito is positioned as the better pick for broader hormone coverage (including FSH), deeper analytics, and lower entry cost. The response explicitly steers Android users toward Mira, which is factually outdated given Inito's current InSight Wireless Reader supports both iOS and Android.",Mira,0,,"https://medicalnewstoday.com/articles/mira-fertility-tracker, https://inito.com/en-us, https://blog.inito.com/is-inito-better-than-other-fertility-trackers, https://inito.com, https://blog.inito.com/is-the-inito-fertility-monitor-worth-it, https://miracare.com/mira-vs-inito-comparison, https://innerbody.com/mira-review, https://ovul.ai/mira-vs-inito-best-fertility-tracker, https://fertilitys.com/fertility-basics/inito-fertility-monitor-review, https://help.miracare.com/en-US/how-mira-is-different-from-numeric-opk-like-oova-modern-fertility-inito-845944",False,"Here’s a clear, practical comparison of **Inito vs Mira** so you can decide which fits you better.

Both are at-home fertility monitors that track hormones in urine to identify your fertile window and confirm ovulation—but they take slightly different approaches.

---

# 🧪 Core difference (simple version)
- **Mira** = dedicated handheld analyzer + wands → “lab device feel”
- **Inito** = phone-based reader (uses your smartphone camera) + strip → “app-based system”

---

# 🔬 What hormones they measure

| Feature r r |
|---|---|---|
| LH (ovulation surge) | ✔️ | ✔️ |
| Estrogen (E3G) | ✔️ | ✔️ |
| Progesterone metabolite (PdG) | ✔️ | ✔️ |
| FSH | ✔️ | ❌ (not typically included) |

👉 Key takeaway: **Inito measures 4 hormones, Mira typically 3–4 depending on test type, but focuses more on LH/E3G/PdG tracking.**

---

# 📊 Accuracy & method

### Inito
- Uses phone camera + AI interpretation  
- Gives **numeric hormone values**
- Strong emphasis on trend tracking over time  
- Can be affected by lighting/phone setup (minor issue, but mentioned in revie([fertilitys](https://www.fertilitys.com/fertility-basics/inito-fertility-monitor-review/?utm_source=chatgpt.com))ch3  

### Mira
- Uses its own built-in reader (no phone camera needed for measurement)
- Often considered **more “consistent” in reading conditions**
- Gives numeric results through its app/reader  
- Designed to reduce variability from lighting or phone differen([help.miracare.com](https://help.miracare.com/en-US/how-mira-is-different-from-numeric-opk-like-oova-modern-fertility-inito-845944?utm_source=chatgpt.com))ch7  

👉 Key takeaway:  
- **Mira = more controlled hardware consistency**  
- **Inito = more advanced hormone breadth + analytics**

---

# 📱 App experience & usability

### Mira
- Dedicated device screen + app
- Feels more like a “standalone medical gadget”
- More steps (wands, reader, syncing)

### Inito
- Fully phone-driven
- More streamlined physically (just strips + phone)
- Some users find it easier; others prefer Mira’s separate device

---

# 💰 Cost (important long-term factor)

| Cost type | Inito | Mira |
|---|---|---|
| Starter device | Usually lower | Usually higher |
| Per-cycle cost | Moderate | Moderate to higher (especially with frequent testing) |
| Testing frequency | Both require frequent testing during fertile window |

👉 Reality:  
Both end up being **expensive over multiple cycles**, with strip/wand costs adding up.

---

# 🧠 Who each is best for

### 👍 Choose Mira if you want:
- A **standalone device (no phone dependence)**
- More stable readings regardless of lighting/phone issues
- Android compatibility (important difference for some users)
- A more “medical device-like” experience

### 👍 Choose Inito if you want:
- **More hormone coverage (including FSH)**
- Deeper cycle insights and data trends
- Lower upfront cost
- A more app-driven, flexible system
- Strong ovulation + post-ovulation confirmation in one system

---

# 🧾 Real-world takeaway
- **Mira = reliability + simplicity of hardware**
- **Inito = more data + broader hormone insight**

Neither is objectively “better”—they optimize for different priorities:
- precision/consistency (Mira)
- depth/analytics (Inito)

---

# If you’re trying to decide quickly:
- Want **fewer tech variables + consistent readings** → Mira  
- Want **maximum hormone insight + lower entry cost** → Inito  

---

If you want, tell me your situation (irregular cycles, TTC timeline, PCOS, budget, etc.) and I can recommend which one fits *you specifically* rather than just general pros/cons.",ok,
