source,url,query,intent,topic_id,ownership,says_about_inito,mentions_competition,competition_summary,competitors_named,sentiment,price,links_on_source,nonprod_url,title
web,https://reddit.com/r/Inito/comments/1dxnsh4/considering_inito_but_android_user,Does Inito work on Android?,attribute_probe,android,third_party,"This Reddit page presents the OLD phone-dependent Inito product as current — users discuss how the device holder ""pops over the phone"" and uses the phone camera to read strips, with Android users needing to borrow or buy a separate iPhone (e.g. an iPhone SE for ~$100) just to use it. One commenter finds the product expensive and no better than cheap LH strips.",True,"One commenter dismisses Inito as ""no better than cheap LH strips,"" implicitly positioning generic/cheap LH strips as a comparable or preferable alternative, though no named competing brand is mentioned.",,-1.0,$100,,False,Considering Inito but Android User
web,https://inito.com/buy-now,Does Inito work on Android?,attribute_probe,android,owned,"This is Inito's official buy page for the current InSight Wireless Reader Starter Kit, which includes the standalone Wi-Fi reader, 15 fertility strips, and a USB-C cable, and is compatible with both iOS (iPhone 8+, iOS 16+) and Android (8.0 Oreo+). It measures four hormones (E3G, LH, PdG, FSH) and is trusted by 200,000+ couples with 4.4/5 stars across 1,500+ reviews.",False,,,1.0,$49,,False,Buy Inito Fertility Monitor | HSA/FSA Eligible
web,https://inito.com,Inito fertility monitor,brand_entity,brand_head,owned,"Inito's homepage presents it as a fertility monitor that measures four hormones (LH, Estrogen, PdG, and FSH) to both predict and confirm ovulation, differentiating it from standard OPKs that only track LH. The page makes no reference to the old phone-dependent product and does not describe the current InSight Wireless Reader hardware in any detail.",False,,,1.0,,https://blog.inito.com,False,Inito Fertility Monitor | Track and Confirm Ovulation | At Home ...
web,https://play.google.com/store/apps/details,Does Inito work on Android?,attribute_probe,android,third_party,"This page returned a ""Not Found"" error — no content about Inito is present. No claims about the product (old or new) can be extracted.",False,,,0.0,,,False,Inito Fertility & Ovulation - Apps on Google Play
web,https://naturalwomanhood.org/femtech-device,Inito vs Mira,comparison,cmp_mira,third_party,"The page presents the OLD phone-dependent Inito product as current, describing it as a test-strip reading ""attachment"" that clips onto an iPhone, is iPhone-only (iPhone 7 and later), and explicitly states Android users cannot use it. It is priced at $149 for a starter kit and notes it tracks four hormones (estrogen, LH, PdG, FSH) with results displayed in the Inito app.",True,"Mira is positioned as the most comprehensive and detailed option (a ""hormone lab in your home"") but also the most expensive ($199–$229 starter kit, ~$60–$80/month), best suited for those with fertility issues or complex cycles. Inito is described as cheaper than Mira ($149 starter kit, ~$49/month) and similarly comprehensive with four-hormone tracking on a single strip, but it loses points for being iPhone-only and requiring phone-case removal. Kegg is presented as a distinct alternative using cervical mucus/electrolyte measurement rather than urine strips, with the advantage of being a one-time purchase (no recurring strip costs), though it has limitations for postpartum use and some medical conditions.",Mira; Kegg; ClearBlue; TempDrop,0.0,$119,"https://cnet.com/health/medical/this-futuristic-toilet-sensor-reads-your-pee-to-measure-health, https://tempdrop.com, https://femtechinsider.com/mira-inc-5000-2023, https://miracare.com, https://miracare.com/blog/read-e3g-results-with-mira-app, https://miracare.com/blog/understanding-progesterone-pdg-tests, https://inito.com/en-us, https://femtechinsider.com/inito-us-launch, https://kegg.tech, https://kegg.tech/reviews, https://kegg.tech/a/faq, https://avawomen.com, https://avawomen.com/research, https://ouraring.com, https://ouraring.com/blog/innovative-fertility-research, https://naturalcycles.com, https://incorahealth.com",False,"Pros and cons of Mira, Inito, Kegg, and other femtech devices"
web,https://amazon.com/Inito-Fertility-Ovulation-Estrogen-Progesterone/dp/B0BL3VSDMC,Does Inito work on Android?,attribute_probe,android,owned_marketplace,"This Amazon product page for the Inito fertility monitor failed to load meaningful content, returning only a generic ""continue shopping"" redirect page with no product details about Inito. No substantive claims about the product can be extracted from the available text.",False,,,0.0,,,False,Inito Fertility Monitor & Hormone Tracker for Women
ai_overview,aioverview::Does Inito work on Android,Does Inito work on Android?,attribute_probe,android,third_party,"This page describes Inito's current product as the InSight Wireless Reader, a standalone Wi-Fi device compatible with both iOS and Android that does not require attaching a phone. It confirms full Android compatibility and directs users to the Inito Shop for more information.",False,,,1.0,,,False,Google AI Overview
web,https://reddit.com/r/TryingForABaby/comments/xyw2pd/has_anyone_used_inito_fertility,Inito fertility monitor,brand_entity,brand_head,third_party,"This Reddit thread contains brief user comments describing Inito as a useful tool for checking multiple hormone levels, with one user noting their RE (reproductive endocrinologist) encouraged continued use. The page offers no product-specific details and does not describe either the old or current Inito hardware.",False,,,1.0,,,False,Has anyone used Inito Fertility? : r/TryingForABaby
web,https://amazon.com/Inito-Fertility-Ovulation-Measures-Compatible/dp/B0GM5P3D6F,Inito fertility monitor,brand_entity,brand_head,owned_marketplace,This Amazon product page for an Inito fertility/ovulation monitor returned only a generic error/redirect screen with no product details visible. No substantive claims about Inito or its product can be extracted from the page content.,False,,,0.0,,,False,Inito Fertility Monitor & Hormone Tracker for Women
web,https://ubiehealth.com/doctors-note/how-use-fertility-monitor-right-clearblue-inito-3733e1,Inito fertility monitor,brand_entity,brand_head,third_party,"The page presents Inito as a smartphone-connected fertility monitor that tracks four hormones (E3G, LH, PdG, FSH), provides detailed hormone charts, and is best suited for people with irregular cycles or PCOS; it does not describe the old phone-clip product and does not specify the InSight Wireless Reader, leaving Inito's hardware somewhat vaguely described as simply requiring a smartphone. The page notes Inito is more expensive and moderately complex compared to Clearblue.",True,"The page is a direct head-to-head comparison of Clearblue and Inito. Clearblue is positioned as simpler, standalone (no smartphone needed), widely validated, and better for regular cycles, but limited to estrogen and LH with less ovulation confirmation. Inito is positioned as the more data-rich, feature-heavy option that tracks four hormones and confirms ovulation, but at a higher cost and with added complexity. Neither product is declared an outright winner; the choice is framed as dependent on the user's cycle regularity and data preferences.",Clearblue,0.5,,,False,Clearblue vs. Inito: Which Monitor Is Best and Your Next Steps
web,https://apps.apple.com/us/app/inito-fertility-ovulation/id1183799668,Inito fertility monitor,brand_entity,brand_head,owned,"This Apple App Store listing presents the OLD phone-dependent product as current, describing a workflow where users ""attach the Inito Fertility Monitor to your phone"" and noting the app is ""Only for iPhone"" — consistent with the legacy Lightning-port clip-on device rather than the new standalone InSight Wireless Reader. The app tracks four fertility hormones (E3G, LH, PdG, FSH) and is positioned as a smart ovulation tracker with personalized hormone insights.",False,,,1.0,,,False,Inito Fertility & Ovulation - App Store - Apple
web,https://medgrade.org/devices/inito-fertility-monitor,Inito fertility monitor,brand_entity,brand_head,third_party,"This page presents Inito's current InSight Wireless Reader as an at-home quantitative fertility monitor that uses spectral mapping technology to track four hormones (E3G, LH, PdG, FSH), supports both iOS and Android, and connects via Bluetooth and Wi-Fi — correctly reflecting the current product. It ranks the device #14 out of 24 clinically evaluated ovulation test devices with a clinical score of 92/100.",True,"The page notes that Inito ranks #14 out of 24 clinically evaluated ovulation test devices, and references a #1-ranked device with superior clinical performance — but does not name any competing brands explicitly.",,0.5,$149,"https://inito.com/buy-now, https://inito.com",False,Inito Fertility Monitor
web,https://fado.vn/us/amazon/inito-fertility-monitor-hormone-tracker-for-women-estrogen-lh-progesterone-metabolite-levels-pdg-fsh-predict-confirm-ovulation-includes-15-test-strips-iphone-14-pro-B0BL3VSDMC.html,Inito fertility monitor,brand_entity,brand_head,third_party,"This page is a Vietnamese e-commerce (fado.vn) product listing for the Inito Fertility Monitor & Hormone Tracker, describing it as a device that measures estrogen, LH, PdG, and FSH to track and confirm ovulation, bundled with 15 test strips. The page text is truncated and provides no detail about whether the product is the old phone-dependent reader or the new InSight Wireless Reader.",False,,,0.0,,,False,Mua Inito Fertility Monitor & Hormone Tracker for Women | Fado
web,https://reddit.com/r/TTC_PCOS/comments/1jgtpx9/mira_or_inito,Inito vs Mira,comparison,cmp_mira,third_party,"This Reddit thread compares Inito and Mira, with one user reporting they switched to Inito after their Mira died but finding Inito inconvenient because it ""takes up your phone while processing"" and that their hormone results came back significantly lower than expected compared to their prior Mira results. The page does not describe Inito as the old phone-clip/iPhone-only product, but the comment about occupying the phone during processing is consistent with phone-dependent usage.",True,"Mira is strongly favored over Inito by the main commenter, who switched to Inito after their Mira broke but found Inito inferior — citing that it ties up your phone during processing and that its hormone readings came in much lower than their established Mira baselines. They explicitly recommend going back to Mira if users are even slightly dissatisfied with Inito, and highlight Mira's sales and subscription wand options as added value.",Mira,-1.0,,,False,Mira or Inito : r/TTC_PCOS
web,https://shop.miracare.com/blogs/resources/mira-vs-inito-story,Inito vs Mira,comparison,cmp_mira,competitor,"The page presents Inito's current product as the ""InSight Reader"" and describes it as relying on the iPhone's camera, but the regex hints confirm no iPhone-only/attach-to-phone/camera-dependent signals — suggesting the page may be inaccurately describing the current InSight Wireless Reader as camera-dependent; a user reports that over three cycles, Inito failed to detect any LH peaks, showed confusing E3G fluctuations, and provided unclear FSH guidance, making the results feel ""vague"" despite the device being easy to use. The page presents Inito as less sensitive and less informative than Mira, particularly for users with irregular cycles or lower hormone levels.",True,,Mira,-1.0,,"https://miracare.com/success-stories, https://miracare.com/mira-events, https://miracare.com/resources",False,Here's What Helped Me More When TTC I Used Both Inito ...
web,https://pmc.ncbi.nlm.nih.gov/articles/PMC9866173,Inito vs Mira,comparison,cmp_mira,third_party,"The page could not be loaded — it returned a browser/reCAPTCHA verification challenge, so no content about Inito is available from this URL.",False,,,0.0,,,False,Using Quantitative Hormonal Fertility Monitors to Evaluate the ...
web,https://pcosnutritionistalyssa.com/inito-vs-mira,Inito vs Mira,comparison,cmp_mira,third_party,"The page presents Inito as a current fertility monitor that the author personally tested alongside Mira, describing it as a device for tracking hormone levels (E3G, LH, PdG, FSH) via urine strips; the page appears to treat the iPhone-only, phone-dependent version as current based on the regex hint flagging iphone_only=true, suggesting it does not reflect the new standalone InSight Wireless Reader. The author received the Inito Starter Kit as a gifted product and compares it directly against the Mira Hormone Monitor Max Kit from a PCOS dietitian's perspective.",True,"The page is a head-to-head comparison of Inito vs. Mira, with the author having simultaneously used both monitors on herself. Mira is presented as a palm-sized, standalone device with 99% accuracy testing LH, E3G, and PdG (plus optional FSH); Inito is positioned as its direct rival testing the same four hormones. No clear winner is declared in the excerpted text, but both are treated as serious contenders for PCOS and fertility tracking.",Mira,0.0,$183,"https://mira-fertility.pxf.io/nXxG49, https://go.skimresources.com, http://tempdrop.com/discount/AFALYSSA, https://pge.com/en.html%3Futm_source%3Dmeta%26utm_campaign%3Dotffa%26utm_content%3Dafford%26gad_source%3D5%26gad_campaignid%3D23650565495%26gclid%3DEAIaIQobChMI5svimsGflQMV-JSkBB3nCyG2EAEYASAAEgL9fvD_BwE, https://pge.com/en.html%3Futm_source%3Dmeta%26utm_campaign%3Dotffa%26utm_content%3Dafford%26gad_source%3D5%26gad_campaignid%3D23650565495%26gclid%3DEAIaIQobChMItqyRm8GflQMVv7umBB1sJQmoEAEYASAAEgLVcfD_BwE, https://pge.com/en.html%3Futm_source%3Dmeta%26utm_campaign%3Dotffa%26utm_content%3Dafford%26gad_source%3D5%26gad_campaignid%3D23650565495%26gclid%3DEAIaIQobChMI2palm8GflQMVBYWmBB1JgTa2EAEYASAAEgKPS_D_BwE",False,Inito vs Mira: I Tried Both Monitors - Which Is Best?
ai_overview,aioverview::Inito vs Mira,Inito vs Mira,comparison,cmp_mira,third_party,"This page presents the OLD phone-dependent Inito product as current, describing it as using the smartphone's camera to photograph and read the test strip, with no mention of the InSight Wireless Reader. It positions Inito as budget-friendly and capable of testing 4 hormones (E3G, LH, PdG, FSH) via a single all-in-one strip.",True,"Mira is described as using a proprietary palm-sized fluorescent analyzer that is slightly more sensitive to minor hormone fluctuations and is platform-agnostic, making it better suited for those with very irregular cycles; Inito is positioned as the more budget-friendly option by comparison.",Mira,0.0,,,False,Google AI Overview
